"","timestamp","open","high","low","close","volume"
"1",1999-11-12,27.38,32,26.5,32,4063800
"2",1999-11-19,32.22,44.38,30.88,42.88,8903200
"3",1999-11-26,43.97,44,35.56,38.25,3275100
"4",1999-12-03,38.13,40.13,34.63,38.13,3103100
"5",1999-12-10,38.25,40.5,36.38,37.94,1833200
"6",1999-12-17,37.5,38.81,35.13,37.63,2204900
"7",1999-12-23,37.69,46.5,36.38,46.38,2754600
"8",1999-12-31,47.38,47.44,44.13,46.94,1626800
"9",2000-01-07,47.25,47.63,39.5,41.88,2044600
"10",2000-01-14,42,45.69,39.88,43.94,2600600
"11",2000-01-21,44.5,48.25,42.5,44.75,2396200
"12",2000-01-28,46.19,46.19,35.88,37.38,2873300
"13",2000-02-04,37.56,41.06,35,40.56,1367400
"14",2000-02-11,40.75,51.75,38,50,5560900
"15",2000-02-18,50.12,68.25,49.63,67.38,7535000
"16",2000-02-25,65.25,66.69,58.5,61.19,3285300
"17",2000-03-03,60.88,64.75,57.5,58.88,3483800
"18",2000-03-10,59.25,145,58,118,12848300
"19",2000-03-17,107,150,91.98,99.88,13097000
"20",2000-03-24,103.4,107.1,87,93.19,3486500
"21",2000-03-31,93,96,70.5,84.48,5367900
"22",2000-04-07,83.72,105,57,102.6,4596900
"23",2000-04-14,104.3,110.4,65.5,68.8,3961500
"24",2000-04-20,63,89.75,63,80.63,2508100
"25",2000-04-28,76,96,72.63,89.13,2437100
"26",2000-05-05,92.5,97.38,80,92.13,2280000
"27",2000-05-12,89.75,93,78.13,79.75,2228700
"28",2000-05-19,79.38,114.6,75.5,102.1,6188000
"29",2000-05-26,101,117.9,92.06,105.5,5808300
"30",2000-06-02,108.4,133,107.9,131.6,3717400
"31",2000-06-09,131.4,141,118,126.4,4433600
"32",2000-06-16,127,150,119,149.8,5061200
"33",2000-06-23,149.4,176,145.6,148.1,7289700
"34",2000-06-30,151,166.9,57.5,63.56,14967200
"35",2000-07-07,64,66,52.75,58.19,8171300
"36",2000-07-14,57.19,77.31,56.63,73.81,9306900
"37",2000-07-21,74.94,75,65.56,69.69,3640200
"38",2000-07-28,69.75,70.25,50,54,7669600
"39",2000-08-04,57,65,54,63.75,6794700
"40",2000-08-11,64.19,71,61.38,64.44,3331900
"41",2000-08-18,65.25,77.88,63,77,4802800
"42",2000-08-25,79.81,81.19,68.25,75,8174200
"43",2000-09-01,75.38,82.5,74.5,79.5,4624000
"44",2000-09-08,81.38,81.44,72.13,73.5,3911200
"45",2000-09-15,72.56,74.25,67.75,70.89,4628200
"46",2000-09-22,71.06,71.5,62.5,70.63,5942700
"47",2000-09-29,72.81,85.38,72.25,81.88,9119700
"48",2000-10-06,83,86.25,67.44,68.44,10886000
"49",2000-10-13,66.69,71,58.25,65.13,10823200
"50",2000-10-20,65.13,71.25,52.56,69.63,7923600
"51",2000-10-27,70.19,70.63,56.25,61.25,5159700
"52",2000-11-03,60.25,72.5,56.88,71.25,5239300
"53",2000-11-10,72.94,80,57.25,58.81,10208900
"54",2000-11-17,55.88,70.81,54,63.38,7662300
"55",2000-11-24,61.03,61.5,52,57.5,5233700
"56",2000-12-01,61.63,62,36.38,44.5,13118000
"57",2000-12-08,44.78,50.13,37.13,49.75,16920800
"58",2000-12-15,48.13,50.75,37.25,37.44,14606900
"59",2000-12-22,39,42.75,27.5,35.06,18770000
"60",2000-12-29,35.5,37.25,31.38,32.77,6657000
"61",2001-01-05,33,44.63,28.25,37.09,10205800
"62",2001-01-12,36.06,51.75,36.06,47,9942700
"63",2001-01-19,47.25,57,42.56,52.06,12393500
"64",2001-01-26,50.5,56,46.16,50.81,8176400
"65",2001-02-02,49.25,54.25,46.5,46.88,6869200
"66",2001-02-09,46.81,48,42.38,44.31,8259600
"67",2001-02-16,43.81,61,41,59.5,15427700
"68",2001-02-23,58,60,51,54.34,13324100
"69",2001-03-02,52.75,54.25,40,43.58,18327100
"70",2001-03-09,41.88,54.44,41.63,50.06,19004600
"71",2001-03-16,48.38,63.73,46.13,59.63,26236700
"72",2001-03-23,59.31,70.13,56.08,67,33413500
"73",2001-03-30,67,71.69,64.5,64.92,32227200
"74",2001-04-06,64.75,66.31,53.81,62.69,41215300
"75",2001-04-12,63.9,73.25,58.65,70.25,21461300
"76",2001-04-20,69,89.99,67.28,86.96,31602200
"77",2001-04-27,85.07,88.29,73,79,28719700
"78",2001-05-04,81.15,93.45,79.43,89.82,28801900
"79",2001-05-11,89.48,95.28,76.54,78.14,24312100
"80",2001-05-18,78.37,89.5,75.55,86.3,18320900
"81",2001-05-25,86.11,100,84.38,91.7,29117100
"82",2001-06-01,91.18,91.2,83.76,90.35,27145300
"83",2001-06-08,90.41,99.6,87.76,96.75,17339700
"84",2001-06-15,96.89,99.24,90.78,95.05,19433600
"85",2001-06-22,94.81,96.35,82.95,91.3,26561400
"86",2001-06-29,92.32,94.2,88.46,92.75,16391500
"87",2001-07-06,89.08,90.7,79.1,80.7,13621800
"88",2001-07-13,79.65,83.25,76.12,80.96,20050600
"89",2001-07-20,80.05,81,72.5,74.89,19937800
"90",2001-07-27,75.01,81.87,67.26,81,29033400
"91",2001-08-03,81.1,88.54,76.3,87.3,20388600
"92",2001-08-10,86.57,90.72,82.1,84.64,25779100
"93",2001-08-17,86.09,89.7,83.06,83.77,34780300
"94",2001-08-24,83.24,86.99,80.25,85.28,24969200
"95",2001-08-31,83.37,89.95,80.75,84.71,25889100
"96",2001-09-07,84.48,84.48,75.55,78.02,34053100
"97",2001-09-10,77.36,78.55,74.19,75.76,7801500
"98",2001-09-21,35.52,36.39,26.01,26.97,31325750
"99",2001-09-28,29.11,31.39,25.51,27.47,40268400
"100",2001-10-05,27.45,33.8,22.66,32.9,57945400
"101",2001-10-12,34.89,40.5,31.22,40.43,40189000
"102",2001-10-19,39.25,45.3,38.15,44.35,50567400
"103",2001-10-26,44.04,50.44,43.05,45.79,44879300
"104",2001-11-02,45.95,47.74,40.35,47.17,44404100
"105",2001-11-09,47.99,53.24,47,53.2,66280400
"106",2001-11-16,53,55.99,51.2,52.49,45220400
"107",2001-11-23,53.01,53.5,47.8,49.95,32194700
"108",2001-11-30,50.79,55.37,50.65,54.64,77584300
"109",2001-12-07,54.16,62.95,52.85,59.95,49076300
"110",2001-12-14,59.65,65.95,59.15,65.64,34406900
"111",2001-12-21,65.14,68.95,61.67,64.58,37481500
"112",2001-12-28,64.55,70.25,64.52,67.71,19960800
"113",2002-01-04,68.21,72.66,65.5,69.62,36562700
"114",2002-01-11,69.9,70.75,62.81,63.07,43849800
"115",2002-01-18,62.93,65.38,59.76,63.8,52074800
"116",2002-01-25,64.4,67.1,61.48,65.47,32746900
"117",2002-02-01,66.75,68.35,63.45,64.13,43224400
"118",2002-02-08,63.99,65.55,55.44,57.72,55481500
"119",2002-02-15,57.63,64.06,56.75,57.35,74253300
"120",2002-02-22,54.9,56.95,49.25,49.92,66066000
"121",2002-03-01,50.15,56.49,50.14,55.94,67685800
"122",2002-03-08,56.11,60.49,55.02,58.29,57726000
"123",2002-03-15,57.65,58.29,50.02,52.77,45707800
"124",2002-03-22,53.73,54.89,46.06,48.57,61220900
"125",2002-03-28,48.34,48.4,41.87,44.36,51664700
"126",2002-04-05,41.9,44.69,40.56,42.1,58798800
"127",2002-04-12,40.15,44.3,35.54,36.68,75299800
"128",2002-04-19,37.39,40.88,36.87,36.92,39794800
"129",2002-04-26,36.51,37.85,30.37,30.37,46033800
"130",2002-05-03,33.97,36.75,32.58,32.75,78367500
"131",2002-05-10,31.9,36.64,30.71,31.88,56296400
"132",2002-05-17,32.21,39.28,31.94,39.17,47929300
"133",2002-05-24,38.84,40.65,34.22,35.03,59821400
"134",2002-05-31,35.34,35.36,32.59,33.46,36819100
"135",2002-06-07,32.65,33.25,29.95,32.3,43513700
"136",2002-06-14,32.73,33.65,25.74,28.18,52152800
"137",2002-06-21,28.81,29.18,22.18,22.66,63045600
"138",2002-06-28,22.08,23.79,16.43,17.18,81613700
"139",2002-07-05,17.1,19,15.62,18.99,36211500
"140",2002-07-12,18.77,21.08,17.83,19.91,50650800
"141",2002-07-19,19.96,23.35,18,18.13,60666900
"142",2002-07-26,18.05,18.56,14.3,14.71,57448700
"143",2002-08-02,15.32,16.98,9.1,9.35,95032000
"144",2002-08-09,9.21,9.58,8.49,9.2,39410200
"145",2002-08-16,9.1,11.05,8.86,10.69,38978800
"146",2002-08-23,11.15,13.45,11.13,11.49,59556000
"147",2002-08-30,11.71,11.84,9.9,10.11,33058700
"148",2002-09-06,9.62,9.85,9,9.26,26988400
"149",2002-09-13,9.19,11.9,8.91,10.57,55375100
"150",2002-09-20,10.41,10.59,9.01,9.21,32725100
"151",2002-09-27,9.06,9.65,8.55,8.56,28608200
"152",2002-10-04,8.53,9.55,8,8.14,27849500
"153",2002-10-11,8.03,8.95,7.2,8.81,27605200
"154",2002-10-18,8.55,9.84,8.37,9.4,26054500
"155",2002-10-25,9.27,11.36,9.06,11.1,41077900
"156",2002-11-01,11.61,14.27,10.11,14.1,53059000
"157",2002-11-08,14.95,16.52,11.01,11.37,98567900
"158",2002-11-15,10.82,13.91,10.22,13.47,64623400
"159",2002-11-22,14.55,16.88,13.75,15.72,71275300
"160",2002-11-29,16.45,17.78,15.8,17.13,32686400
"161",2002-12-06,18.04,18.27,13.28,14.13,59786400
"162",2002-12-13,13.67,14.7,12.89,13.24,47784700
"163",2002-12-20,13.7,14.75,12.19,12.82,43056100
"164",2002-12-27,12.79,13.24,11.84,11.95,18510600
"165",2003-01-03,12,12.75,11.19,12.31,32918100
"166",2003-01-10,12.61,13.88,11.84,12.37,56206600
"167",2003-01-17,12.84,12.95,10.61,10.75,47675300
"168",2003-01-24,10.95,11.19,9.99,10.17,27782600
"169",2003-01-31,9.95,10.89,9.56,10.32,44911300
"170",2003-02-07,10.39,10.86,9.74,9.76,34217700
"171",2003-02-14,9.75,12.05,9.33,12.04,57606300
"172",2003-02-21,12.5,13.24,12.35,12.86,39776000
"173",2003-02-28,12.75,13.49,11.82,12.62,45431300
"174",2003-03-07,12.77,13,12,12.49,24098300
"175",2003-03-14,12.36,14,12.1,13.42,30940100
"176",2003-03-21,13.2,14.83,13.17,14.16,45124500
"177",2003-03-28,13.58,14.65,13.21,13.43,44192500
"178",2003-04-04,13.02,14,12.82,13.39,26690300
"179",2003-04-11,14.245,14.4,13.12,13.25,21490300
"180",2003-04-17,13.05,13.75,13.01,13.65,17739300
"181",2003-04-25,13.67,14.59,13.42,13.55,29469200
"182",2003-05-02,13.71,16,13.55,15.9,35303400
"183",2003-05-09,16.051,21.53,15.65,21.37,123380900
"184",2003-05-16,21.42,21.9,19.949,21.26,66101000
"185",2003-05-23,20.98,21.4,19.81,20.87,39720900
"186",2003-05-30,20.65,26.63,20.25,26.17,61275100
"187",2003-06-06,26.85,27.75,24.14,25.76,57681600
"188",2003-06-13,25.6,26.3,23.3,23.47,42510200
"189",2003-06-20,23.75,25.97,22.18,23.68,51293100
"190",2003-06-27,23.66,23.78,22.06,22.557,37282200
"191",2003-07-03,22.86,24.38,22.41,23.51,23240700
"192",2003-07-11,23.83,25.75,23.82,24.43,27749800
"193",2003-07-18,25.05,25.203,20.47,21.26,40440600
"194",2003-07-25,21.38,22.12,20,21.06,35765200
"195",2003-08-01,21.23,21.28,18.36,19.72,49603500
"196",2003-08-08,19.7,21.47,15.26,15.5,69384400
"197",2003-08-15,15.75,17.05,15.645,16.15,40657300
"198",2003-08-22,16.41,19.48,16.12,18.26,38659600
"199",2003-08-29,18.61,18.69,17.38,18.17,26100200
"200",2003-09-05,18.49,19.1,17.57,18.68,29168600
"201",2003-09-12,18.98,21.47,18.3,19.35,76282600
"202",2003-09-19,19.51,20.36,18.96,19.84,28092800
"203",2003-09-26,19.45,19.49,16.63,16.86,38314900
"204",2003-10-03,16.01,17.2,15.7,16.78,46362900
"205",2003-10-10,16.81,17.08,16.11,16.73,24112000
"206",2003-10-17,16.92,17.73,16.62,16.66,22231100
"207",2003-10-24,16.67,17.88,16.57,17.11,22880600
"208",2003-10-31,17.2,18.76,17.08,17.64,24032800
"209",2003-11-07,17.59,22.06,17.41,21.75,65206200
"210",2003-11-14,21.82,22.12,20.11,20.173,34130100
"211",2003-11-21,19.79,20.7,19.38,19.76,28674600
"212",2003-11-28,19.95,21.73,19.81,21.23,19996800
"213",2003-12-05,21.47,22.2,20.26,20.43,24112900
"214",2003-12-12,20.44,21.37,19.5,20.84,24194400
"215",2003-12-19,21.45,21.6,19.94,21.07,25644000
"216",2003-12-26,20.76,22.87,20.55,22.741,13906300
"217",2004-01-02,23.17,24.2,22.82,23.08,18676600
"218",2004-01-09,23.43,25.78,23.22,25.47,29516700
"219",2004-01-16,25.56,25.88,23.64,24.66,25113200
"220",2004-01-23,24.955,25.39,23.04,23.09,17253500
"221",2004-01-30,23.24,24.1,21.15,22.25,27826300
"222",2004-02-06,22.43,23.08,21.8879,22.76,18489900
"223",2004-02-13,22.85,24.33,22.59,23.3,36199100
"224",2004-02-20,23.4,24.27,23.07,24.14,17878100
"225",2004-02-27,24.1,24.14,21.91,22.25,26289600
"226",2004-03-05,22.19,22.77,21.51,22.19,22005900
"227",2004-03-12,22.19,22.5,20.68,21.24,18524300
"228",2004-03-19,21.09,22.7,20.6319,22.17,21036100
"229",2004-03-26,21.83,24.73,21.5,24.35,29073500
"230",2004-04-02,24.66,26.97,24.65,26.3,35706000
"231",2004-04-08,26.16,27.35,25.54,26.74,17465000
"232",2004-04-16,26.95,27.07,23.56,23.61,24012100
"233",2004-04-23,23.62,23.9,21.93,23.24,23873900
"234",2004-04-30,23.29,23.39,20.44,20.52,21260200
"235",2004-05-07,20.74,22.97,19.9,22.08,29295400
"236",2004-05-14,21.52,21.98,20.69,21.51,19652400
"237",2004-05-21,21.2,22.3,20.85,21.2,14288500
"238",2004-05-28,21.16,23.58,20.79,23.45,22516500
"239",2004-06-04,23.11,24.11,21.89,21.91,19272100
"240",2004-06-10,22.25,22.69,20.61,20.8,18748400
"241",2004-06-18,20.69,20.76,19.5,19.76,17405200
"242",2004-06-25,19.79,20.91,19.28,20.25,15677600
"243",2004-07-02,20.54,20.8,19.11,19.26,14942200
"244",2004-07-09,19.03,19.23,16.57,16.9,20534000
"245",2004-07-16,16.43,17,15.18,15.18,26840100
"246",2004-07-23,15.4,15.92,14.4,14.62,19241700
"247",2004-07-30,14.8,15.7,13.84,15.42,24579400
"248",2004-08-06,15.43,15.7,9.3,9.43,63519500
"249",2004-08-13,9.7,10.73,9.51,10.5,50541900
"250",2004-08-20,10.38,12.52,10.32,12.35,33937600
"251",2004-08-27,12.62,13.12,11.91,12.94,30321700
"252",2004-09-03,12.92,13.32,12.07,12.82,27433400
"253",2004-09-10,12.91,14.14,12.29,14.07,32508200
"254",2004-09-17,14.05,14.7657,13.42,14.69,38575300
"255",2004-09-24,14.4,15.18,13.84,14.05,24828600
"256",2004-10-01,13.94,15.2,13.55,15.12,21901500
"257",2004-10-08,15.3,15.89,14.38,14.51,27475900
"258",2004-10-15,14.53,14.94,13.08,13.42,30563700
"259",2004-10-22,13.34,14.22,13.23,13.28,28609000
"260",2004-10-29,13.19,15.19,13.14,14.47,44694900
"261",2004-11-05,14.66,18.77,14.48,17.64,62538000
"262",2004-11-12,17.4467,18.4,17.37,18.1,26121200
"263",2004-11-19,17.92,20.53,17.81,18.96,35587900
"264",2004-11-26,19,20.04,18.85,19.86,18250200
"265",2004-12-03,20.01,21,19.02,20.73,32512200
"266",2004-12-10,20.85,24.96,20.46,23.31,52442400
"267",2004-12-17,22.96,24.86,22.56,23.059,36850500
"268",2004-12-23,23.33,23.69,22.25,23.07,21557700
"269",2004-12-31,23.39,23.68,22.62,23.56,14419400
"270",2005-01-07,24.38,24.72,21.7,22.03,32570100
"271",2005-01-14,22.05,22.3,20.7,21.51,35028400
"272",2005-01-21,21.27,22,20.92,21.44,16979000
"273",2005-01-28,21.38,23.09,20.46,22.88,25054100
"274",2005-02-04,23.07,25.86,22.6,25.79,38351000
"275",2005-02-11,25.77,26.34,24.7,26.15,24333700
"276",2005-02-18,25.72,28.3,25.28,28.27,48311600
"277",2005-02-25,28.08,29.29,27.24,28.84,31243900
"278",2005-03-04,28.7,29.6,27.28,27.57,31642400
"279",2005-03-11,27.69,28.43,24.93,25.16,34793000
"280",2005-03-18,25.68,26.25,23.72,24.17,21393400
"281",2005-03-24,24.01,25.83,24.01,25.13,23929900
"282",2005-04-01,25.3,25.5,23.39,23.53,24886400
"283",2005-04-08,23.4,24.39,22.84,23.45,21224300
"284",2005-04-15,23.62,23.7,21.15,21.35,19343800
"285",2005-04-22,21.22,22.53,21.1,22.24,18980500
"286",2005-04-29,22.43,23.07,20.92,21.93,17766400
"287",2005-05-06,22.19,23.18,21.52,23.17,18485300
"288",2005-05-13,23.27,25.47,22.26,25.33,46014800
"289",2005-05-20,25.03,26.31,25.02,26.3,23532100
"290",2005-05-27,26.48,27.91,26.4,27.52,23938800
"291",2005-06-03,27.4,28.53,26.6,28.3,23364800
"292",2005-06-10,27.79,28.34,26.87,27.98,26589600
"293",2005-06-17,28,29.39,25.77,26.91,53614200
"294",2005-06-24,26.91,28.32,26.47,27.09,25395900
"295",2005-07-01,26.92,27.22,26.2999,26.84,15073900
"296",2005-07-08,26.86,28.23,26.68,28.14,16384200
"297",2005-07-15,28.39,29.3,26.42,26.89,38778100
"298",2005-07-22,26.81,27.09,25.64,25.83,28192400
"299",2005-07-29,25.53,27.45,25.42,27.06,27543100
"300",2005-08-05,27.22,28.31,27.04,28.25,19753900
"301",2005-08-12,28.44,30.21,27.57,29.95,37124800
"302",2005-08-19,30.05,31.02,29.11,29.2,28106900
"303",2005-08-26,29.15,29.79,28.62,28.92,16135200
"304",2005-09-02,28.65,31.06,28.42,30.19,26881100
"305",2005-09-09,30.3,32.26,29.84,32.19,17595500
"306",2005-09-16,32.22,33.69,31.7,33.25,26619500
"307",2005-09-23,33.21,33.95,31.65,32.71,21916300
"308",2005-09-30,32.96,34.59,32.37,34.28,17805800
"309",2005-10-07,34.47,35.95,32.48,33.06,24175100
"310",2005-10-14,33.23,33.29,30.8,32.03,20645700
"311",2005-10-21,32.05,32.66,30.51,31.94,15313200
"312",2005-10-28,32.22,33.12,30.75,32.42,14445500
"313",2005-11-04,32.55,35.5,32.55,34.06,19932700
"314",2005-11-11,34.24,36.77,32.84,34.04,39818500
"315",2005-11-18,34.05,36.68,33.53,36.19,21784800
"316",2005-11-25,36.23,38.25,35.99,38.07,14291900
"317",2005-12-02,38.17,38.5,35.22,36.59,24496800
"318",2005-12-09,36.67,36.67,35.42,36.34,14709900
"319",2005-12-16,36.44,37.67,36.15,36.85,20086200
"320",2005-12-23,37.03,37.59,35.74,37.54,11824200
"321",2005-12-30,37.5,38.24,36.41,36.56,9770500
"322",2006-01-06,36.765,40.99,36.65,40.84,18769700
"323",2006-01-13,40.82,44.17,40.73,42.51,20360400
"324",2006-01-20,41.79,45.66,40.8,43.8101,18046200
"325",2006-01-27,44.155,46.76,43.36,46.25,16315800
"326",2006-02-03,46.49,46.5,43.2,44.02,17742300
"327",2006-02-10,43.98,45.75,42.87,43.9,16733700
"328",2006-02-17,43.72,50.72,43.46,47.47,39826900
"329",2006-02-24,47.31,47.45,44.7,45.66,20211300
"330",2006-03-03,46,50.01,45.53,49.16,25624800
"331",2006-03-10,50.15,50.45,46.26,47.39,23869200
"332",2006-03-17,48.04,50.23,47.43,48.77,22479400
"333",2006-03-24,49.21,52.04,48.22,51.95,33647900
"334",2006-03-31,52,58.23,51.82,57.26,36105100
"335",2006-04-07,57.69,61.68,29.93,30.53,39620733
"336",2006-04-13,30.5,30.64,29.09,29.6,44549467
"337",2006-04-21,29.47,30.42,27.73,28.07,57492200
"338",2006-04-28,28.25,29.59,27.75,29.22,41247334
"339",2006-05-05,29.5,31.5,29.42,31.28,44493267
"340",2006-05-12,31.2,31.88,25.74,26.33,76463534
"341",2006-05-19,26.275,26.94,23.8,24.33,58525334
"342",2006-05-26,24.2,25.07,23.34,23.97,42750335
"343",2006-06-02,24.01,24.69,22.84,23.83,37634001
"344",2006-06-09,23.7,24.14,20.56,21.56,52249267
"345",2006-06-16,21.07,22.3,19.67,21.66,46950867
"346",2006-06-23,21.9,22.01,20.07,20.31,37209468
"347",2006-06-30,20.28,22.04,19.12,21.29,47992134
"348",2006-07-07,21.78,21.8,19.15,19.37,27437734
"349",2006-07-14,19.415,19.56,17.17,17.67,43737668
"350",2006-07-21,17.59,20.3,17.5,17.77,61286668
"351",2006-07-28,18.4266,22.71,18.33,22.67,59370468
"352",2006-08-04,22.43,25,20.85,23.99,61021601
"353",2006-08-11,23.57,25.5,22.32,23.4,71934401
"354",2006-08-18,23.685,27.72,23.15,27.36,70349134
"355",2006-08-25,26.95,27.04,25.71,26.48,32644534
"356",2006-09-01,26.92,29.52,26.87,27.89,54851668
"357",2006-09-08,27.98,28.61,26.34,27.7,37228934
"358",2006-09-15,27.08,29.7,26.77,29.56,44192601
"359",2006-09-22,29.64,31.25,29.47,29.81,53437801
"360",2006-09-29,30.255,31.1,28.831,29.59,46666268
"361",2006-10-06,29.45,31.27,27.67,30.93,71196668
"362",2006-10-13,30.855,33.96,30.77,33.77,50630067
"363",2006-10-20,33.88,34.43,31.19,31.79,44345601
"364",2006-10-27,31.72,34.59,31.5,32.38,35377467
"365",2006-11-03,32.6,34.87,31.52,32.6,67721934
"366",2006-11-10,32.69,36.2,32.28,34.44,74435401
"367",2006-11-17,34.505,36.75,34.5,36.32,46524801
"368",2006-11-24,35.87,37.06,35.6,36.98,23010134
"369",2006-12-01,36.76,37.29,34.64,35.54,50244801
"370",2006-12-08,36,37.44,34.9,35.55,46915135
"371",2006-12-15,35.56,37.5,35.31,37.5,50617067
"372",2006-12-22,37.54,38.96,36.85,37.03,37977601
"373",2006-12-29,37.23,38.02,36.87,37.01,18219134
"374",2007-01-05,37.07,37.52,33.42,33.66,53257667
"375",2007-01-12,33.78,35.37,32.4,35.23,69214468
"376",2007-01-19,35.5,35.52,31.13,31.8795,64400601
"377",2007-01-26,32.18,33.31,30.9,31.47,58209734
"378",2007-02-02,31.325,32,29.911,31.85,59998601
"379",2007-02-09,32,34.91,31.95,32.65,63009601
"380",2007-02-16,32.89,34.5,32.54,32.72,68744667
"381",2007-02-23,32.77,33.56,32.19,32.65,38990134
"382",2007-03-02,32.74,32.99,29.71,29.77,58478334
"383",2007-03-09,29.25,31.6,28.66,30.51,60118468
"384",2007-03-16,30.16,30.77,28.04,28.35,53301401
"385",2007-03-23,28.5,30.94,28.24,30.29,62032734
"386",2007-03-30,30.31,30.6,28.23,28.78,44602000
"387",2007-04-05,28.71,30.93,28.28,30.9,42819067
"388",2007-04-13,30.9,31.25,29.14,30.58,60460801
"389",2007-04-20,30.5,32,30.03,31.89,59547534
"390",2007-04-27,31.74,33.78,31.28,33.07,53118734
"391",2007-05-04,33.52,33.94,32.68,33.71,44551468
"392",2007-05-11,34.2,35.48,32.2,35.14,67421334
"393",2007-05-18,35,35.33,33.85,35.02,48732667
"394",2007-05-25,34.92,36,33,33.66,40208800
"395",2007-06-01,33.52,35.55,33.2,34.88,25975734
"396",2007-06-08,34.56,36.96,34.42,36.55,54940801
"397",2007-06-15,36.55,39.85,36.23,39.55,52319601
"398",2007-06-22,39.95,43.87,39.05,43.62,69672401
"399",2007-06-29,42.4,43.44,40.3,41.31,56923668
"400",2007-07-06,41.9,43.94,41.77,43.77,24310401
"401",2007-07-13,43.93,46.57,43.92,45.87,41390134
"402",2007-07-20,45.91,47.83,44.75,45.1,44153334
"403",2007-07-27,44.94,46.48,43.08,44.25,43016267
"404",2007-08-03,44.41,47.93,42.52,42.54,50791534
"405",2007-08-10,42.9,47.4,41.39,43.99,69067934
"406",2007-08-17,44.34,45.9,40.5,45.08,66607668
"407",2007-08-24,45.11,49.21,44.35,48.25,47180001
"408",2007-08-31,48.25,51.35,46.22,51.16,48683601
"409",2007-09-07,51.39,54,49.67,50.65,39455667
"410",2007-09-14,51.75,52.65,32.15,32.25,58657867
"411",2007-09-21,32.3,36,31.83,34.49,63065800
"412",2007-09-28,34.7,37.2,34.45,36.24,52942800
"413",2007-10-05,36.65,37.95,34.75,36.9299,46854300
"414",2007-10-12,37.19,37.7,34.87,36.13,49592100
"415",2007-10-19,36.25,39.67,36.08,37.39,54914800
"416",2007-10-26,37.15,39.67,33.59,34.4,70505500
"417",2007-11-02,33.22,37,32.56,36.74,71834400
"418",2007-11-09,36.43,38.2,32.65,33.36,85147600
"419",2007-11-16,33.35,33.83,30.03,32.45,75729400
"420",2007-11-23,31.99,32.1501,29.11,30.22,49536700
"421",2007-11-30,30.2,34.2,29.46,31.54,64026000
"422",2007-12-07,32,34.49,31.35,33.88,55513700
"423",2007-12-14,33.99,36.09,33.48,35.07,59767000
"424",2007-12-21,34.7,35.9,33.2,35.16,46779700
"425",2007-12-28,35.42,36.4,34.49,34.79,20569500
"426",2008-01-04,34.51,35.14,29.8,30,49290000
"427",2008-01-11,30.2,30.45,26.35,27.05,99545900
"428",2008-01-18,27.45,28.89,22.52,24.84,119592000
"429",2008-01-25,22.47,27.46,22.33,24.95,73101900
"430",2008-02-01,24.86,27,23.83,26.8601,67609500
"431",2008-02-08,27.44,27.59,23.1,24.99,66887400
"432",2008-02-15,25.2,27.1,21.91,22.27,121434800
"433",2008-02-22,22.7,22.72,21.16,22.32,67123700
"434",2008-02-29,22.3,23.03,21.3,21.39,70480100
"435",2008-03-07,21.36,21.67,19,19.55,92883900
"436",2008-03-14,19.31,19.98,18.12,18.32,118821500
"437",2008-03-20,17.52,19,17.31,18.52,84753600
"438",2008-03-28,18.93,20.7,18.86,19.68,87689400
"439",2008-04-04,19.89,21.06,18.73,18.78,106022800
"440",2008-04-11,19.24,20.51,18.41,18.53,106066700
"441",2008-04-18,18.46,19.32,17.61,19.02,75931600
"442",2008-04-25,18.88,20.66,18.87,20.15,87400700
"443",2008-05-02,20.06,22.52,19.57,22.52,108076700
"444",2008-05-09,22.42,23.43,21.01,22.53,144460300
"445",2008-05-16,22.82,24.46,21.28,24.41,121723200
"446",2008-05-23,24.44,25.31,22.77,23.11,112309400
"447",2008-05-30,23.15,24.78,22.71,24.7,77707400
"448",2008-06-06,24.7,25.35,23.3,24.06,100495400
"449",2008-06-13,23.92,24.25,20.68,21.31,109857300
"450",2008-06-20,21.08,21.33,19.38,19.76,97740400
"451",2008-06-27,19.93,20.45,18.71,19.28,104654800
"452",2008-07-03,19.06,19.23,12.4,12.49,132153000
"453",2008-07-11,12.7,12.76,11.32,11.67,182147500
"454",2008-07-18,11.5,11.85,10.7,11.56,120024800
"455",2008-07-25,11.73,11.91,10.91,11.56,86691600
"456",2008-08-01,11.41,11.94,10.7,10.84,86405800
"457",2008-08-08,10.73,11.9,10.55,11,92393900
"458",2008-08-15,11.08,13.49,10.91,12.96,177888000
"459",2008-08-22,13.05,14.12,12.91,13.61,113315600
"460",2008-08-29,13.53,13.85,12.6,12.64,60513200
"461",2008-09-05,12.85,12.96,11.39,11.67,72900300
"462",2008-09-12,11.78,11.83,9.61,10.19,133339900
"463",2008-09-19,9.83,11.5,8.8,11.41,155395200
"464",2008-09-26,11.32,11.77,10.65,11.69,90568900
"465",2008-10-03,11.38,11.52,8.9702,9.03,97376200
"466",2008-10-10,8.6,8.62,6.28,6.81,151669200
"467",2008-10-17,7.39,8.4,6.9,7.65,120971200
"468",2008-10-24,7.91,7.97,5.97,6.61,87160100
"469",2008-10-31,6.57,8.93,6.36,8.76,94799700
"470",2008-11-07,8.95,9.11,7.6,8.72,101527700
"471",2008-11-14,9.05,9.1,6.8602,7.17,83430600
"472",2008-11-21,7.1,7.29,5.75,6.38,72475800
"473",2008-11-28,6.77,7.63,6.4,7.47,47615100
"474",2008-12-05,7.17,7.8,6.74,7.36,62912700
"475",2008-12-12,7.5,8.8,6.95,8.6,94021100
"476",2008-12-19,8.65,9.45,8.05,8.52,70426100
"477",2008-12-26,8.65,8.6703,7.3,7.51,31817200
"478",2009-01-02,7.61,8.77,7.12,8.71,45218300
"479",2009-01-09,8.61,9.43,7.88,7.93,100239600
"480",2009-01-16,7.93,8.0599,7.2,7.99,131859800
"481",2009-01-23,7.97,8,7.08,7.71,63388300
"482",2009-01-30,7.67,8.93,7.62,7.95,73767200
"483",2009-02-06,7.83,9.93,7.79,9.87,95781100
"484",2009-02-13,9.83,9.97,7.86,8.31,140437900
"485",2009-02-20,7.97,8.3,7.25,7.61,73496800
"486",2009-02-27,7.74,8.54,7.21,8.28,97860800
"487",2009-03-06,7.95,8.7,7.47,8.39,119502800
"488",2009-03-13,8.33,11.85,8.28,9.8,140056100
"489",2009-03-20,9.9,10.49,9.27,9.53,124515200
"490",2009-03-27,9.83,10.705,9.555,10.46,131008100
"491",2009-04-03,10.06,11.345,9.37,11.32,111982800
"492",2009-04-09,11.13,12.08,10.89,12.04,78278900
"493",2009-04-17,11.89,12,10.91,11.76,106487300
"494",2009-04-24,11.31,11.81,10.74,11.43,98817700
"495",2009-05-01,11.28,11.94,10.75,11.67,105797700
"496",2009-05-08,11.87,12.39,9.11,9.25,172990700
"497",2009-05-15,9.1,9.66,8.33,8.74,133594000
"498",2009-05-22,8.96,10.25,8.94,9.82,119784600
"499",2009-05-29,9.73,10.68,9.63,10.43,87730300
"500",2009-06-05,10.55,11.18,10.25,10.83,97490200
"501",2009-06-12,10.75,12.2,10.5,11.51,86561400
"502",2009-06-19,11.3,11.46,10.75,11.18,78825800
"503",2009-06-26,11.22,11.61,10.085,11.57,76603100
"504",2009-07-02,11.6,11.78,10.75,10.9,58715800
"505",2009-07-10,10.89,10.9,9.71,10.37,106647100
"506",2009-07-17,10.58,12.11,9.95,12.07,95845500
"507",2009-07-24,12.17,13.04,11.65,12.96,100541800
"508",2009-07-31,12.84,13.21,12.58,12.93,65616000
"509",2009-08-07,13.24,14.23,12.99,13.71,103437700
"510",2009-08-14,13.81,14.01,12.88,13.42,70032800
"511",2009-08-21,13.01,13.95,12.72,13.93,77034800
"512",2009-08-28,13.85,15.03,13.38,14.73,69372900
"513",2009-09-04,14.56,15.21,13.95,15.11,65509400
"514",2009-09-11,15.22,16.49,15.1,16.318,61052000
"515",2009-09-18,16.08,16.58,14.9682,15.22,81788800
"516",2009-09-25,15.04,15.41,14.39,14.5,58988300
"517",2009-10-02,14.55,15.21,13.74,13.85,85675700
"518",2009-10-09,14,14.25,13.49,14.17,95880500
"519",2009-10-16,13.93,14.5,12.98,13.22,107852700
"520",2009-10-23,13.33,14.03,13.07,13.15,66714500
"521",2009-10-30,13.25,13.45,11.9,11.96,77209100
"522",2009-11-06,11.94,13.43,11.56,13.16,124567900
"523",2009-11-13,13.34,13.85,12.96,13.56,84137400
"524",2009-11-20,13.68,13.91,12.65,12.9,61726200
"525",2009-11-27,13.09,13.327,12.53,12.79,38278000
"526",2009-12-04,12.84,14.32,12.7,14.26,76466600
"527",2009-12-11,15.85,16.45,15.1,15.21,132826000
"528",2009-12-18,15.43,17.48,15.26,16.82,109100000
"529",2009-12-24,16.92,18.21,16.9,18.09,44996100
"530",2009-12-31,18.06,18.95,17.62,18.68,58648900
"531",2010-01-08,18.51,18.96,18.11,18.55,80099500
"532",2010-01-15,18.65,18.73,16.88,17.11,77990700
"533",2010-01-22,16.98,17.66,16.36,16.46,73540100
"534",2010-01-29,16.73,17.06,15.15,15.39,90832000
"535",2010-02-05,15.45,16.95,15.32,16.22,93756900
"536",2010-02-12,16.17,17.7,15.873,17.35,84683100
"537",2010-02-19,17.58,17.9,16.21,16.58,83991000
"538",2010-02-26,16.65,16.9,15.76,16.2,59102100
"539",2010-03-05,16.21,17.29,16.08,17.17,67101100
"540",2010-03-12,17.18,17.78,16.85,17.25,68741900
"541",2010-03-19,17.23,18.34,17,17.25,75015900
"542",2010-03-26,17.03,17.98,17.03,17.34,55126500
"543",2010-04-01,17.45,17.85,17.04,17.22,36201600
"544",2010-04-09,17.33,17.51,16.75,16.99,97388400
"545",2010-04-16,17.01,18.13,16.68,17.06,124280200
"546",2010-04-23,16.93,17.28,16.1,16.44,101960900
"547",2010-04-30,16.46,16.8,15.7,15.71,95628400
"548",2010-05-07,15.79,15.88,13.04,13.96,146944700
"549",2010-05-14,14.8,15.29,12.6,12.96,161364600
"550",2010-05-21,12.98,13.18,12.01,12.73,113885700
"551",2010-05-28,12.69,13.5,11.85,13.14,97123000
"552",2010-06-04,12.96,13.11,12.03,12.095,60859900
"553",2010-06-11,12.15,12.23,10.87,11.61,82397700
"554",2010-06-18,11.78,12.45,11.33,12.3,76552300
"555",2010-06-25,12.56,12.59,10.9,11.08,81107700
"556",2010-07-02,11.16,11.26,9.9,10.25,78249800
"557",2010-07-09,10.21,10.71,10.05,10.35,66880500
"558",2010-07-16,10.35,11.48,10.01,10.05,122151700
"559",2010-07-23,10.19,10.83,10.1,10.36,96614600
"560",2010-07-30,10.33,10.6,8.92,9.19,158414800
"561",2010-08-06,9.35,9.65,8.87,9.55,106709200
"562",2010-08-13,9.65,9.66,8.65,9.39,129403500
"563",2010-08-20,9.26,10.21,9.03,9.97,114214000
"564",2010-08-27,10,10.25,9.48,10.12,96637400
"565",2010-09-03,10,10.08,9.3,9.899,88712700
"566",2010-09-10,9.87,10.46,9.85,10.07,85775400
"567",2010-09-17,10.25,10.77,10.245,10.55,76301600
"568",2010-09-24,10.55,12.3,10.45,12.26,138765900
"569",2010-10-01,12.35,12.36,11.26,11.35,112108800
"570",2010-10-08,11.24,11.5,10.38,10.86,100727800
"571",2010-10-15,10.91,11.5,10.63,11.2895,81393300
"572",2010-10-22,11.3,11.89,10.92,11.8,110373200
"573",2010-10-29,11.89,12.24,11.67,12.0205,77607300
"574",2010-11-05,12.1,12.72,11.94,12.605,79045900
"575",2010-11-12,12.6,13.68,12.27,13.26,124816900
"576",2010-11-19,13.24,13.8,12.58,13.752,93356800
"577",2010-11-26,13.66,13.84,13.34,13.6,36534700
"578",2010-12-03,13.54,14.79,13.36,14.79,73775600
"579",2010-12-10,14.84,15.33,14.45,14.9475,86819900
"580",2010-12-17,15.01,15.12,14.13,14.37,80336800
"581",2010-12-23,14.42,15.05,14.3,14.92,39070300
"582",2010-12-31,14.88,15.42,14.61,15.4,29829000
"583",2011-01-07,15.52,19.93,15.42,19.87,224258600
"584",2011-01-14,19.51,23.98,19.36,23.59,304596900
"585",2011-01-21,23.27,23.6,21.79,22.219,121547400
"586",2011-01-28,23.24,25.05,22.98,23.76,149265200
"587",2011-02-04,23.8,26.17,23.41,25.67,122863900
"588",2011-02-11,25.32,25.43,22.37,23.47,142249200
"589",2011-02-18,23.75,26.01,22.45,25.63,208942000
"590",2011-02-25,24.79,24.86,21.78,23.12,122750600
"591",2011-03-04,23.5,23.51,20.24,20.755,154093700
"592",2011-03-11,20.91,20.98,17.66,18.05,187371700
"593",2011-03-18,18.19,18.65,17.01,17.62,146540900
"594",2011-03-25,18,19.45,17.04,18.63,130738600
"595",2011-04-01,19.07,19.64,17.95,18.2,115038800
"596",2011-04-08,18.2,18.25,17.31,17.55,109253700
"597",2011-04-15,17.62,18.94,16.83,18.71,109024400
"598",2011-04-21,18.27,18.95,17.53,18.52,61881500
"599",2011-04-29,18.6,20.44,18.59,20,81640400
"600",2011-05-06,20.42,20.43,18.25,19.32,86156500
"601",2011-05-13,19.38,20.52,18.12,18.26,131562400
"602",2011-05-20,18.21,18.25,17.12,18.09,100852500
"603",2011-05-27,17.83,19.5311,17.6,19.5,80473600
"604",2011-06-03,19.88,20.05,18.37,18.46,77995400
"605",2011-06-10,18.39,18.6,16.74,17.12,66860300
"606",2011-06-17,17.12,17.52,15.31,15.805,113451100
"607",2011-06-24,15.67,16.3164,15.4,15.74,84375800
"608",2011-07-01,15.74,16.21,14.86,16.145,99700000
"609",2011-07-08,16.13,16.28,15.3,15.43,66763200
"610",2011-07-15,15.14,15.2,13.81,14.1,103327300
"611",2011-07-22,13.99,15.05,13.62,15,99099800
"612",2011-07-29,14.77,14.83,13.59,13.83,81081000
"613",2011-08-05,14.15,15.38,12.6,12.95,134790200
"614",2011-08-12,12.32,14.86,11.85,12.88,195716000
"615",2011-08-19,13.01,13.4,11.65,11.73,92456100
"616",2011-08-26,12.058,13.24,11.805,13.01,91532900
"617",2011-09-02,13.38,13.92,12.82,12.92,80644100
"618",2011-09-09,12.5,14.64,12.38,13.88,101321500
"619",2011-09-16,14.15,16.1,13.69,15.46,136550100
"620",2011-09-23,15.2001,15.39,13.25,13.79,120049100
"621",2011-09-30,13.96,14.29,12.49,12.51,113356100
"622",2011-10-07,12.35,14.36,11.47,14.15,118708000
"623",2011-10-14,14.39,15.89,14.36,15.72,87995100
"624",2011-10-21,15.54,15.77,13.84,14.48,84475000
"625",2011-10-28,14.54,15.74,14.2,15.6,67106400
"626",2011-11-04,15.1,15.19,13.53,14.82,91915700
"627",2011-11-11,14.71,15.17,14.07,14.98,110938800
"628",2011-11-18,14.98,15.13,13.775,13.93,66930700
"629",2011-11-25,13.7101,15.16,13.5,14.04,96255700
"630",2011-12-02,14.5,16.05,14.5,15.72,78015100
"631",2011-12-09,15.98,16,14.375,14.9,69396800
"632",2011-12-16,14.58,14.9,13.43,13.51,69502200
"633",2011-12-23,13.57,14.4,13.11,14.17,57060400
"634",2011-12-30,14.11,14.28,13.65,13.86,20693500
"635",2012-01-06,14.3,14.78,13.92,14.54,47805400
"636",2012-01-13,14.55,14.82,13.66,13.73,67387700
"637",2012-01-20,13.94,14.5,13.5,14.22,60360900
"638",2012-01-27,14.23,15.24,14.05,14.91,95438300
"639",2012-02-03,14.65,15.95,14.43,15.82,59411600
"640",2012-02-10,15.74,16.62,15.46,15.895,63474700
"641",2012-02-17,16.3,16.9,15,15.85,127105700
"642",2012-02-24,15.84,16.32,15.6,15.79,42531100
"643",2012-03-02,15.59,15.66,15.14,15.38,81709200
"644",2012-03-09,15.27,15.3,14.46,14.82,55673000
"645",2012-03-16,14.88,14.98,14.32,14.6,59991600
"646",2012-03-23,14.68,14.75,14.24,14.545,51592100
"647",2012-03-30,14.69,15.49,14.55,15.395,62523900
"648",2012-04-05,15.36,15.4899,14.56,14.63,42589300
"649",2012-04-13,14.4,14.76,14.09,14.16,47625400
"650",2012-04-20,14.26,14.3,13.36,13.39,62542700
"651",2012-04-27,13.16,13.38,12.75,12.98,79459000
"652",2012-05-04,12.91,13.37,12.26,12.26,57989600
"653",2012-05-11,12.48,13.68,12.12,13.21,90489800
"654",2012-05-18,13.1,13.42,12.02,12.08,60263700
"655",2012-05-25,12.1,12.53,11.825,12.4,55864300
"656",2012-06-01,12.6,12.8,11.96,11.98,37224200
"657",2012-06-08,12.04,12.64,11.63,12.12,51603400
"658",2012-06-15,12.51,12.73,11.91,12.29,70116400
"659",2012-06-22,12.2,13.7,12.1,12.995,90483900
"660",2012-06-29,13.01,13.85,12.48,13.82,65005900
"661",2012-07-06,13.89,13.9,13.25,13.4,36595100
"662",2012-07-13,13.32,13.47,12.285,12.555,52500000
"663",2012-07-20,12.48,13.36,12.16,12.805,56299500
"664",2012-07-27,12.47,13.52,12.33,13.475,48318700
"665",2012-08-03,13.48,13.86,13.1,13.72,44542800
"666",2012-08-10,13.85,15.22,13.83,14.621,84644300
"667",2012-08-17,14.64,14.88,14.405,14.65,52783700
"668",2012-08-24,14.6,14.79,14.25,14.6,42374000
"669",2012-08-31,14.59,14.6299,13.89,14.03,42366800
"670",2012-09-07,13.8,14.09,12.95,13.4,65326700
"671",2012-09-14,13.37,14.08,13.22,13.84,46245700
"672",2012-09-21,13.87,13.9,13.295,13.665,49149200
"673",2012-09-28,13.45,13.9,13.02,13.34,58014600
"674",2012-10-05,13.4,13.8,12.97,13.3,55406900
"675",2012-10-12,13.25,13.31,12.55,12.63,37868400
"676",2012-10-19,12.65,13.2,12.035,12.105,49330300
"677",2012-10-26,12.16,12.46,11.83,12.05,52110900
"678",2012-11-02,12.1,12.7,11.95,12.49,26925800
"679",2012-11-09,12.46,13.08,12.15,12.19,70139200
"680",2012-11-16,12.21,12.26,11.15,11.38,71157100
"681",2012-11-23,11.59,12.04,11.37,11.9,36007800
"682",2012-11-30,11.92,12.34,11.9,11.97,54088200
"683",2012-12-07,12.12,12.12,11.7,11.955,57591400
"684",2012-12-14,11.96,12.81,11.93,12.59,61149700
"685",2012-12-21,12.56,12.8,12.21,12.35,52917900
"686",2012-12-28,12.34,12.4199,12.02,12.1,21113000
"687",2013-01-04,12.06,13.19,12.03,13.15,40728800
"688",2013-01-11,13.14,13.18,12.09,12.21,69792900
"689",2013-01-18,12.29,12.3,11.91,12.17,49919300
"690",2013-01-25,12.16,12.42,12,12.41,38023300
"691",2013-02-01,12.47,12.69,12.18,12.37,46457900
"692",2013-02-08,12.3,12.55,12.07,12.37,53924000
"693",2013-02-15,12.47,12.79,12.05,12.731,78961600
"694",2013-02-22,12.74,12.8,12.26,12.52,52428000
"695",2013-03-01,12.55,12.85,12.2091,12.71,64742900
"696",2013-03-08,12.62,13,12.52,12.82,40601600
"697",2013-03-15,12.69,12.9562,12.56,12.64,45888100
"698",2013-03-22,12.56,12.67,12.38,12.48,39147200
"699",2013-03-28,12.55,12.84,12.32,12.83,29970900
"700",2013-04-05,12.8,12.8,12.04,12.46,50338400
"701",2013-04-12,12.47,13.23,12.195,13.09,70792500
"702",2013-04-19,13.05,13.09,12.37,12.57,53444700
"703",2013-04-26,12.56,13.5,12.46,13.41,46415700
"704",2013-05-03,13.43,13.97,13.37,13.87,37627100
"705",2013-05-10,13.87,14.6,13.52,14.54,60678800
"706",2013-05-17,14.44,14.97,14.18,14.87,41940200
"707",2013-05-24,14.81,14.98,14.19,14.54,43793900
"708",2013-05-31,14.65,14.775,14.38,14.47,36909100
"709",2013-06-07,14.49,14.8,14.12,14.445,47207300
"710",2013-06-14,14.41,14.53,13.97,14.35,32633500
"711",2013-06-21,14.46,15.48,14.18,14.415,81115500
"712",2013-06-28,14.21,14.395,13.83,14.04,71436400
"713",2013-07-05,14.14,14.3,13.96,14.24,19524700
"714",2013-07-12,14.28,14.78,14.09,14.64,27102700
"715",2013-07-19,14.67,14.77,14.09,14.24,33875300
"716",2013-07-26,14.35,14.48,14.09,14.2,32352700
"717",2013-08-02,14.17,14.79,14.13,14.76,30076300
"718",2013-08-09,14.72,14.88,14.11,14.49,47202400
"719",2013-08-16,14.33,15.4,14.22,15.189,61922184
"720",2013-08-23,15.1,15.15,14.82,14.96,31582500
"721",2013-08-30,14.97,15.03,14.68,14.75,38769400
"722",2013-09-06,14.79,15.03,14.67,14.88,22710500
"723",2013-09-13,15,15.9,14.96,15.8,34955200
"724",2013-09-20,15.93,16.1,15.75,15.795,31294900
"725",2013-09-27,15.78,15.91,15.49,15.58,25871700
"726",2013-10-04,15.42,15.72,15.305,15.59,32466200
"727",2013-10-11,15.53,15.77,15.1,15.26,29342800
"728",2013-10-18,15.22,15.86,15.22,15.81,26347800
"729",2013-10-25,16,16.01,15.19,15.24,29840100
"730",2013-11-01,15.22,15.35,15,15.255,37137800
"731",2013-11-08,15.31,15.61,14.52,15.56,57957100
"732",2013-11-15,15.5,16.315,15.47,16.17,42619000
"733",2013-11-22,15.82,15.96,15.15,15.18,27516900
"734",2013-11-29,15.18,15.805,15.18,15.6,32490500
"735",2013-12-06,15.54,15.99,15.43,15.47,42760500
"736",2013-12-13,15.47,15.63,15,15.02,44173900
"737",2013-12-20,15.03,15.7,14.9,15.685,39464500
"738",2013-12-27,15.78,15.925,15.63,15.76,15701600
"739",2014-01-03,15.77,16.1,15.62,15.67,25084500
"740",2014-01-10,15.83,16.44,15.59,15.73,39040900
"741",2014-01-17,15.73,16.25,15.33,15.99,30531400
"742",2014-01-24,16.01,16.15,15.56,15.56,25393500
"743",2014-01-31,15.56,15.79,15.37,15.7,27574900
"744",2014-02-07,15.81,15.89,15.32,15.87,31318100
"745",2014-02-14,15.85,17.95,15.835,17.91,75616400
"746",2014-02-21,17.92,18.99,17.75,18.64,43211700
"747",2014-02-28,18.6,19.05,18.1144,18.38,42918000
"748",2014-03-07,17.97,18.77,17.81,18.36,35909000
"749",2014-03-14,18.3,18.43,17.56,17.82,42068900
"750",2014-03-21,17.87,18.91,17.8,18.54,42941100
"751",2014-03-28,18.55,18.97,17.585,17.9,52695600
"752",2014-04-04,17.93,19.185,17.805,18.15,53430100
"753",2014-04-11,18.16,19.11,17.88,18.12,51177400
"754",2014-04-17,18.24,18.73,18.12,18.56,24587200
"755",2014-04-25,18.57,19.46,18.45,18.73,33469900
"756",2014-05-02,18.88,18.98,18.32,18.43,26457700
"757",2014-05-09,18.41,18.97,17.71,18.05,48040200
"758",2014-05-16,18.09,18.63,17.82,17.96,33628400
"759",2014-05-23,18.15,18.64,18.07,18.49,28650200
"760",2014-05-30,18.6,19.13,18.54,19,21134200
"761",2014-06-06,19.06,19.2,18.61,19.03,23392400
"762",2014-06-13,19.01,19.73,18.88,19.54,32407300
"763",2014-06-20,19.45,19.69,18.78,18.93,34987600
"764",2014-06-27,18.68,18.83,18.23,18.38,36628200
"765",2014-07-03,18.31,18.9,18.31,18.85,20446700
"766",2014-07-11,18.88,19.19,18.37,19.05,29865000
"767",2014-07-18,19.13,19.6,18.41,18.44,47011300
"768",2014-07-25,18.37,18.79,17.76,17.79,34006000
"769",2014-08-01,17.87,18.13,17.415,17.69,35406800
"770",2014-08-08,17.67,19.1,17.34,19,51634000
"771",2014-08-15,19.02,19.17,18.68,19.04,38079000
"772",2014-08-22,19.12,19.47,18.93,19.08,31945600
"773",2014-08-29,19.16,19.49,19.07,19.45,24840600
"774",2014-09-05,19.5,20.15,19.315,19.97,29942900
"775",2014-09-12,19.95,19.99,19.095,19.12,30087700
"776",2014-09-19,19.18,19.52,18.75,19.08,37714800
"777",2014-09-26,19.47,19.47,18.47,18.545,27882381
"778",2014-10-03,18.4,18.65,17.77,18.23,34122171
"779",2014-10-10,18.3,18.45,16.84,16.845,43986904
"780",2014-10-17,16.96,17.865,16.77,17.42,45513659
"781",2014-10-24,17.42,18.59,17.3,18.48,30396243
"782",2014-10-31,18.47,19.55,18.27,19.54,23315456
"783",2014-11-07,19.99,20.6859,19.59,19.79,46238157
"784",2014-11-14,19.77,20.1501,19.375,19.785,27413983
"785",2014-11-21,19.7,20.55,19.57,20.455,25668816
"786",2014-11-28,20.5,21.09,20.42,20.97,16758561
"787",2014-12-05,20.88,21.19,20.37,21.07,26819536
"788",2014-12-12,21.04,21.25,19.61,19.63,28275718
"789",2014-12-19,19.86,20.63,19.1,20.42,33432248
"790",2014-12-26,20.4,21.04,20.33,20.59,8913568
"791",2015-01-02,20.53,20.7,19.811,20.13,11886108
"792",2015-01-09,20.13,20.19,19.08,19.94,30237340
"793",2015-01-16,19.99,20.24,19.4,19.96,23829355
"794",2015-01-23,20.1,20.745,19.77,20.71,14130412
"795",2015-01-30,20.62,20.72,19.17,19.205,32436442
"796",2015-02-06,19.32,20.71,18.94,20.4,24388959
"797",2015-02-13,20.28,22.5,20.15,22.31,45199821
"798",2015-02-20,22.27,22.49,22,22.335,17537043
"799",2015-02-27,22.33,22.33,21.96,22.06,17713632
"800",2015-03-06,22,22.9,21.971,22.55,31728648
"801",2015-03-13,22.56,23.3,22.24,22.7,44449373
"802",2015-03-20,22.88,23.605,22.66,23.47,43089482
"803",2015-03-27,22.77,23.07,20.46,21.38,48231291
"804",2015-04-02,21.48,21.58,20.65,21.06,28337507
"805",2015-04-10,20.97,22.77,20.75,22.76,43398435
"806",2015-04-17,22.71,22.83,22.01,22.2,24434538
"807",2015-04-24,22.3,22.44,21.65,22.03,29245933
"808",2015-05-01,22.1,22.82,21.91,22.75,19638612
"809",2015-05-08,22.73,22.88,20.49,20.825,62281185
"810",2015-05-15,20.54,21.48,20.38,21.3,43758607
"811",2015-05-22,21.25,21.4,20.81,20.86,30697627
"812",2015-05-29,20.76,22.28,20.574,22.13,33872223
"813",2015-06-05,22.27,22.6001,21.57,22.26,37119544
"814",2015-06-12,22.19,22.34,21.06,21.11,43398509
"815",2015-06-19,21,22.12,20.82,21.87,36301091
"816",2015-06-26,21.91,22.03,20.65,20.74,48835681
"817",2015-07-02,20.5,20.9,19.97,20.42,28908069
"818",2015-07-10,20.25,20.53,19.16,19.75,42895489
"819",2015-07-17,19.95,20.19,19.57,20.07,30767167
"820",2015-07-24,20.07,20.15,19.17,19.42,26334059
"821",2015-07-31,19.25,20.22,19.09,19.95,25798976
"822",2015-08-07,20.11,23.37,19.85,22.98,73810141
"823",2015-08-14,22.82,23.95,22.68,23.54,49323264
"824",2015-08-21,23.5,23.5,21.45,21.47,40495838
"825",2015-08-28,20.27,22.87,20,22.73,67616337
"826",2015-09-04,22.63,22.78,21.4,21.75,36684278
"827",2015-09-11,22.28,22.94,21.995,22.65,29662571
"828",2015-09-18,22.76,23.71,22.5701,23.29,32226756
"829",2015-09-25,23.32,24.07,22.5,23.61,35599687
"830",2015-10-02,23.61,24.8006,23.15,24.8,54815516
"831",2015-10-09,24.96,26.28,24.83,26.07,53247847
"832",2015-10-16,26.1,28.12,25.905,27.86,52816602
"833",2015-10-23,27.95,28.78,27.36,28.59,40871891
"834",2015-10-30,28.61,28.68,27.63,28.37,32526607
"835",2015-11-06,28.46,31.94,27.63,31.55,66504749
"836",2015-11-13,31.24,31.5,29.65,29.8,56224397
"837",2015-11-20,30.19,31.57,29.95,31.39,36133919
"838",2015-11-27,31.65,31.65,30.78,31.39,16582121
"839",2015-12-04,31.42,33.81,31.39,33.75,43409846
"840",2015-12-11,33.74,33.75,32.37,32.49,37116744
"841",2015-12-18,32.52,33.56,32.1,32.14,36751341
"842",2015-12-24,32.49,33.26,32.2,33.17,14730012
"843",2015-12-31,32.82,33.94,32.36,32.96,16863987
"844",2016-01-08,32.29,33.44,29.565,29.63,58536682
"845",2016-01-15,29.66,30.62,26.64,27.11,70052917
"846",2016-01-22,27.67,28.64,26.45,28.45,41944728
"847",2016-01-29,28.44,29.345,27.5,29.29,32941986
"848",2016-02-05,29.26,29.45,26.35,26.43,47678295
"849",2016-02-12,26.03,26.55,24.75,25.73,51274616
"850",2016-02-19,26.1,30.975,26.02,30.44,71277682
"851",2016-02-26,30.88,32.1162,30.6,31.68,46686923
"852",2016-03-04,31.61,33.06,31.34,32.55,34579785
"853",2016-03-11,32.37,32.59,31.04,32.22,32306366
"854",2016-03-18,32.07,34.25,31.57,33.81,41984117
"855",2016-03-24,33.51,34.68,33.15,34.48,31343830
"856",2016-04-01,34.42,36.25,34.38,36.15,40801811
"857",2016-04-08,36.45,36.64,34.63,35.66,45523162
"858",2016-04-15,35.87,37.46,35.14,37.13,47113440
"859",2016-04-22,37.06,37.18,36.08,36.27,30461783
"860",2016-04-29,36.28,37.33,35.14,35.53,36551100
"861",2016-05-06,35.87,36.22,34.4,35.33,35899683
"862",2016-05-13,35.42,41,34.93,40.98,92799718
"863",2016-05-20,40.67,44.51,40.54,44.33,73311387
"864",2016-05-27,44.52,45.98,44.13,45.9,46889479
"865",2016-06-03,46.1,47.54,45.66,46.48,39748464
"866",2016-06-10,46.6,47.45,45.8,46.2,40568048
"867",2016-06-17,46.25,47.77,46.155,46.72,44810657
"868",2016-06-24,47.47,48.54,45.3,45.73,50611512
"869",2016-07-01,45.35,47.36,44.57,46.66,45015404
"870",2016-07-08,46.4,51.091,46.03,50.85,38037920
"871",2016-07-15,51.58,53.8,51.52,52.7,48891252
"872",2016-07-22,53.35,54.67,52.77,54.67,40229452
"873",2016-07-29,55,57.25,54.76,57.1,47630434
"874",2016-08-05,57.34,58.23,55.5,58.2,38199937
"875",2016-08-12,59,63.38,58.12,63.04,78998813
"876",2016-08-19,63.11,63.4964,60.655,62.26,51985339
"877",2016-08-26,62.45,63.32,60.76,62.03,39725392
"878",2016-09-02,62.28,63.38,61.16,62.53,42509590
"879",2016-09-09,62.75,63.2285,59,59.52,42959205
"880",2016-09-16,58.73,63.25,57.315,62.84,70180981
"881",2016-09-23,63.5,65.44,62.74,64.95,41733007
"882",2016-09-30,64.21,69.19,63.53,68.52,42979945
"883",2016-10-07,68.52,69.7,66.26,66.85,36903326
"884",2016-10-14,67.2,67.56,63.7,65.99,45427130
"885",2016-10-21,65.98,67.95,65.52,67.54,31383622
"886",2016-10-28,68,72.95,67.99,70.56,43765255
"887",2016-11-04,70.79,71.81,66.575,67.57,41497661
"888",2016-11-11,69.55,88.77,66.76,87.97,110465557
"889",2016-11-18,88.09,94.7923,83.62,93.36,109298058
"890",2016-11-25,94.09,95.2499,92.38,94.16,35140035
"891",2016-12-02,93.87,94.74,84.77,88.45,66940476
"892",2016-12-09,89.99,96.62,89,91.82,58643494
"893",2016-12-16,89.85,100.7,87.54,100.41,95229548
"894",2016-12-23,99.7,109.835,99,109.78,88378815
"895",2016-12-30,112.06,119.93,102.8,106.74,171958399
"896",2017-01-06,104.4,106.37,99.38,103.1,112709180
"897",2017-01-13,103.5,109.19,101.62,103.43,85156739
"898",2017-01-20,103,106.8,99.11,104.01,59298209
"899",2017-01-27,103.8,111.89,103.7,111.77,56303308
"900",2017-02-03,110.92,115.9,107.9106,114.38,57618704
"901",2017-02-10,114,120.92,112.6,113.62,104905778
"902",2017-02-17,113.39,113.98,104.79,107.23,90382221
"903",2017-02-24,108.23,111.8,95.7,101.46,90212849
"904",2017-03-03,102.2,105.2,96.22,98.43,86633828
"905",2017-03-10,96.96,101.3,95.17,99.12,77586982
"906",2017-03-17,99.54,106.12,99.51,106.07,88849333
"907",2017-03-24,106.78,109.96,105.3,107.47,81306449
"908",2017-03-31,105.58,110,103.575,108.93,56385514
"909",2017-04-07,108.95,109.65,98.41,100.33,88095942
"910",2017-04-13,100.36,100.63,95.49,95.49,57386652
"911",2017-04-21,96.01,101.79,95.8,101.68,49853656
"912",2017-04-28,102.96,105.98,102.11,104.3,43465418
"913",2017-05-05,104.74,106.85,102.56,103.86,42355366
"914",2017-05-12,104.34,130.43,102.31,127.89,148225683
"915",2017-05-19,129.56,138.22,127.05,136,140158723
"916",2017-05-26,137.77,145.28,135.71,141.84,92439688
"917",2017-06-02,143.7,147,142.05,143.64,70826837
"918",2017-06-09,142.98,168.5,142.51,149.6,174910930
"919",2017-06-16,145.88,154.77,142.11,151.62,159150839
"920",2017-06-23,153.41,161.74,153.22,153.83,99537344
"921",2017-06-30,155.16,156.6,143.5,144.56,120256299
"922",2017-07-07,145.05,147.5,138.58,146.76,72590297
"923",2017-07-14,149.74,166.3,148.6842,164.95,128221300
"924",2017-07-21,166.33,169.3,161.3,168.1,92217943
"925",2017-07-28,168.39,169.927,157.56,164.39,75291789
"926",2017-08-04,164.94,170.07,160.62,167.21,61552325
"927",2017-08-11,168.39,174.56,152.91,155.96,112774691
"928",2017-08-18,159.67,169.67,159.2,161.5,93264035
"929",2017-08-25,162.49,167.28,157.37,163.81,61055553
"930",2017-09-01,164.58,171.9,162.261,170.46,53070587
"931",2017-09-08,168.38,168.5843,162.71,163.69,48256287
"932",2017-09-15,165.54,180.11,165.32,180.11,84497361
"933",2017-09-22,185.14,191.2,177.61,179,118496869
"934",2017-09-29,177.75,179.73,170.16,178.77,92511679
"935",2017-10-06,180.8,182,177,181.3,51516901
"936",2017-10-13,182.79,195,182.03,194.59,79963232
"937",2017-10-20,195.8,199.59,192.4501,196.9,64991106
"938",2017-10-27,197.78,201.87,191.17,201.86,63068301
"939",2017-11-03,201.86,209.97,201.22,208.69,52346179
"940",2017-11-10,207.2,218.67,200.37,216.14,84506454
"941",2017-11-17,216.14,217.17,207.8,211.36,62577386
"942",2017-11-24,211.99,217,210.5,216.96,32971844
"943",2017-12-01,217.31,217.36,191.23,197.68,98834833
"944",2017-12-08,200.05,200.3,180.58,191.49,91640990
"945",2017-12-15,192.06,194.78,184.6,191.56,61109694
"946",2017-12-22,193.2,198.07,191.25,195.27,47205430
"947",2017-12-29,193.03,199.97,191.82,193.5,29793211
"948",2018-01-05,195.78,218.05,194.5,215.4,59158713
"949",2018-01-12,220.4,226.27,216,222.98,65773210
"950",2018-01-19,224.05,231.09,216.69,230.11,54833898
"951",2018-01-26,230.43,243.34,228.1,243.33,58174870
"952",2018-02-02,242.74,249.27,231.17,233.52,67745017
"953",2018-02-09,227,238.89,204,232.08,137139885
"954",2018-02-16,235.36,250,225.03,243.84,94411496
"955",2018-02-23,244.75,251.97,239.5,245.93,61354774
"956",2018-03-02,247.8,248.91,221.85,236.54,84258226
"957",2018-03-09,234.51,245.85,229.52,245.33,68713781
"958",2018-03-16,247,254.5,246.04,250.48,62664961
"959",2018-03-23,248.18,252,232.52,232.97,73928732
"960",2018-03-29,238,250,217,231.59,96155995
"961",2018-04-06,228.74,234.65,213.07,214.25,93572928
"962",2018-04-13,216.8,237.51,214.6,231.5,70536826
"963",2018-04-20,231.77,239.25,226.8,228.71,51189371
"964",2018-04-27,229.43,231.5,210.3,226.33,55181779
"965",2018-05-04,226.99,239.19,222.2,239.06,42342157
"966",2018-05-11,243.29,260.5,242.89,254.53,99988167
"967",2018-05-18,256.07,258.49,241.5,245.94,76099940
"968",2018-05-25,249.88,250.03,240.25,249.28,58283260
"969",2018-06-01,248.55,257.87,246.7,257.62,41487904
"970",2018-06-08,259,266.59,257.7,262.28,53374957
"971",2018-06-15,261.77,269.2,259.66,265.26,44625296
"972",2018-06-22,263.48,265.8,250.33,250.95,52866352
"973",2018-06-29,246.65,246.8,235.01,236.9,58222645
"974",2018-07-06,234.09,247.67,233.26,247.33,29571943
"975",2018-07-13,250.33,254.14,246.07,249.32,40601823
"976",2018-07-20,248.2,254.3,245.18,250.89,32376306
"977",2018-07-27,249.82,256.6,243.28,252.02,39923380
"978",2018-08-03,252.59,253.06,241.21,252.1,34796015
"979",2018-08-10,251.59,260.24,249.71,254.79,29716017
"980",2018-08-17,255.14,263.64,243.73,244.82,84425208
"981",2018-08-24,243.18,272.81,238.72,272.22,88260663
"982",2018-08-31,273.42,281.72,269.53,280.68,51361753
"983",2018-09-07,280.15,285.22,267.19,271.86,35077303
"984",2018-09-14,272.77,279.1,261.92,276.43,39370301
"985",2018-09-21,275.4,278.24,262.11,263.45,39890403
"986",2018-09-28,262.2,281.92,258.68,281.02,44166891
"987",2018-10-05,284.16,292.76,267.54,269.86,53610690
"988",2018-10-12,266.5,271.16,234.26,246.54,67518058
"989",2018-10-19,246,249.88,227.7,229.17,58144325
"990",2018-10-26,231.28,235.32,193.12,198.29,87401903
"991",2018-11-02,203.99,222,176.01,214.92,83261723
"992",2018-11-09,214.39,217.41,201.04,205.67,52168692
"993",2018-11-16,201.98,206.88,161.61,164.43,114815886
"994",2018-11-23,161.79,161.82,133.31,145,120682894
"995",2018-11-30,149.89,163.86,146.56,163.43,90903903
"996",2018-12-07,172.6,174.68,145.62,147.61,76922586
"997",2018-12-14,145.8,155.89,144.82,146.45,72468220
"998",2018-12-21,145.24,150.33,128.46,129.57,89648303
"999",2018-12-28,126.49,137.39,124.46,133.65,60611861
"1000",2019-01-04,135.4,138.48,127.69,136.19,56626612
"1001",2019-01-11,138.5,149.75,136.43,148.83,87758856
"1002",2019-01-18,146.72,157.98,145.77,156.93,74051420
"1003",2019-01-25,155.71,160.88,147.55,160.15,77919129
"1004",2019-02-01,136.55,146.79,131,144.73,152689768
"1005",2019-02-08,145.37,155.6,144.13,148.17,71805427
"1006",2019-02-15,146.39,163.87,144.5,157.34,100890638
"1007",2019-02-22,156.91,161.26,155.18,159.19,48579252
"1008",2019-03-01,162.56,165.28,153.11,156.45,58171676
"1009",2019-03-08,158,158.92,144.8,150.64,51224022
"1010",2019-03-15,151.59,171.53,149.69,169.81,84726148
"1011",2019-03-22,171.08,185,167.86,177.5,90826708
"1012",2019-03-29,175.86,181.75,171.11,179.56,66006254
"1013",2019-04-05,183.26,191.65,180.37,190.95,66316144
"1014",2019-04-12,189.72,193.47,187.56,190.01,53881176
"1015",2019-04-18,189.7,190.46,183.1,186.3,39176208
"1016",2019-04-26,185.35,192.81,173.3,178.09,57832055
"1017",2019-05-03,178.41,184.87,175.5,183.01,46015776
"1018",2019-05-10,175.5,180.34,164,168.82,65657672
"1019",2019-05-17,163.5,164.43,154.94,156.53,87181694
"1020",2019-05-24,152.55,155.7,144.88,145.15,55230362
"1021",2019-05-31,145.86,147.18,135.39,135.46,44304371
"1022",2019-06-07,135.91,146.88,132.6,145.5,59727250
"1023",2019-06-14,147.76,152.36,142.84,144.64,46201254
"1024",2019-06-21,144.57,157.33,143.65,151.76,49354940
"1025",2019-06-28,152.62,165.37,150.72,164.23,50549901
"1026",2019-07-05,172.57,173.95,157.68,160.23,43873718
"1027",2019-07-12,157.83,170.47,155,167.61,57841860
"1028",2019-07-19,168.46,172.71,164.84,168.44,44189067
"1029",2019-07-26,169.3,178.89,169,175.07,44430299
"1030",2019-08-02,174.78,175.94,159.28,161.19,41372747
"1031",2019-08-09,153.8,158.31,148.9,154.18,49352638
"1032",2019-08-16,152.08,161.54,147.39,159.56,65736035
"1033",2019-08-23,164.12,173.45,161.64,162.44,64525225
"1034",2019-08-30,165.61,170.86,159,167.51,37862350
"1035",2019-09-06,164.58,181.09,163.25,178.65,39952323
"1036",2019-09-13,179.9,188.4,178.79,181.94,44607032
"1037",2019-09-20,178.92,181.6,172.28,172.69,33448430
"1038",2019-09-27,172.7,179.02,169.32,171.76,37348986
"1039",2019-10-04,172.8,183.15,170.13,181.97,39677941
"1040",2019-10-11,184.58,189.34,176.5,185.99,50598044
"1041",2019-10-18,185.64,199.29,184.39,190.49,46932818
"1042",2019-10-25,192.96,205.38,191.03,204.54,38678410
"1043",2019-11-01,206.3,208.9,197.81,202.59,30880947
"1044",2019-11-08,205.85,211.7,204.11,207.78,35408637
"1045",2019-11-15,207.75,211.86,200.64,204.19,60280411
"1046",2019-11-22,203.89,214.55,203.77,210.89,49405107
"1047",2019-11-29,216.04,221.41,215.52,216.74,31275351
"1048",2019-12-06,216.46,217,200.37,212.17,38479755
"1049",2019-12-13,211.25,228.98,210.9,223.99,39172062
"1050",2019-12-20,225.9,240.39,224.77,239.37,51133532
"1051",2019-12-27,240.52,241.81,235.81,236.87,23307114
"1052",2020-01-03,235.99,239.91,230.13,236.07,23322738
"1053",2020-01-10,232.32,248.55,231.27,244.32,35781586
"1054",2020-01-17,247.66,252.99,244.53,249.28,36755842
"1055",2020-01-24,247.81,259.5,246.57,250.48,26752927
"1056",2020-01-31,238.24,249.27,232.23,236.43,42547117
"1057",2020-02-07,235.7,254.25,235.45,251.59,28593150
"1058",2020-02-14,252.5,294.97,252.3,289.79,77818711
"1059",2020-02-21,285.64,316.32,284.86,294.07,72388896
"1060",2020-02-28,270.19,281.87,241.79,270.07,117579106
"1061",2020-03-06,276.9,284.89,258,266.04,79917145
"1062",2020-03-13,239.9,261.08,215.8,240.84,78706349
"1063",2020-03-20,212.41,230.32,180.68,205.75,99996188
"1064",2020-03-27,205.71,263.12,198.52,252.73,96884164
"1065",2020-04-03,255.36,275.4,238.39,243.91,88702554
"1066",2020-04-09,255.24,278.25,252.93,262.95,64527417
"1067",2020-04-17,260.55,299,257,292.32,64506129
"1068",2020-04-24,287.24,293.5,267.11,289.59,61152054
"1069",2020-05-01,294.99,304.2,280.84,282.78,50486737
"1070",2020-05-08,280.88,312.75,280.88,312.5,43088851
"1071",2020-05-15,312.3,340.02,303.79,339.63,79448590
"1072",2020-05-22,350.42,363.72,347.22,361.05,95552865
"1073",2020-05-29,366.27,367.27,319.87,355.02,85717980
"1074",2020-06-05,353.33,359.88,346.32,356.8,51332372
"1075",2020-06-12,355.09,380,347.43,357.3,66074149
"1076",2020-06-19,352.61,377.8,349.75,370.45,53064821
"1077",2020-06-26,372,385.7,365,366.2,54777563
"1078",2020-07-02,366.79,389.5,356,384.49,35092575
"1079",2020-07-10,389.67,426.21,388.5,419.17,51095853
"1080",2020-07-17,423.8,431.69,391.42,408.06,50375152
"1081",2020-07-24,410.97,424.1,391.08,407.78,45212804
"1082",2020-07-31,409.29,430.66,408.37,424.59,38586002
"1083",2020-08-07,429.3,460.19,428.61,447.98,39017130
"1084",2020-08-14,453.37,468.87,431.83,462.56,49703627
"1085",2020-08-21,474.05,512.348,472.6876,507.34,91600965
"1086",2020-08-28,515.35,525.92,500.3,525.91,48891134
"1087",2020-09-04,527.3114,589.0699,468.19,504.9,107403423
"1088",2020-09-11,469.38,522.61,468.17,486.58,71688477
"1089",2020-09-18,523.24,532.6,479.55,487.57,99446865
"1090",2020-09-25,477,515.34,476.18,514.95,83344086
"1091",2020-10-02,521.61,550.5095,510,522.49,74087411
"1092",2020-10-09,529.44,565.68,528.9106,550.51,60202877
"1093",2020-10-16,559.58,573.9399,550.71,552.46,39146469
"1094",2020-10-23,556.115,559.3399,529.27,543.61,31771041
"1095",2020-10-30,537.08,547.7117,492,501.36,42535248
"1096",2020-11-06,506.31,583.55,495.8,582.48,42129015
"1097",2020-11-13,582.1,587.66,505.13,531.88,58629646
"1098",2020-11-20,526.9,545.98,522.6,523.51,53593802
"1099",2020-11-27,526.8452,536.3,515.4,530.45,28282528
"1100",2020-12-04,530.6,546.9377,518.8941,542.33,31714310
"1101",2020-12-11,544.05,549.25,512.92,520.53,32837392
"1102",2020-12-18,523.515,538.56,522.82,530.88,31505175
"1103",2020-12-24,522.99,534.8,517.55,519.75,19141833
"1104",2020-12-31,522.5,528.55,510.527,522.2,19991498
"1105",2021-01-08,524.17,546.0999,503.44,531.07,55445870
"1106",2021-01-15,536.75,558.44,513.94,514.38,39427044
"1107",2021-01-22,520.65,559.9743,513.76,548.5,26747898
"1108",2021-01-29,551.27,553.14,511.75,519.59,32155810
"1109",2021-02-05,522.1335,557.27,516.11,543.64,26279246
"1110",2021-02-12,549.0886,611.6455,549.0886,598.45,50681041
"1111",2021-02-19,602.57,614.9,583,597.06,27480479
"1112",2021-02-26,590.99,605.33,528.65,548.58,61818155
"1113",2021-03-05,555,557,467.17,498.46,52776785
"1114",2021-03-12,498,521.85,462.66,514.24,49829800
"1115",2021-03-19,514.59,540.5,504.5,513.83,33297732
"1116",2021-03-26,516.51,535.78,490.88,513.57,35620030
"1117",2021-04-01,512.81,554.8,508,552.47,27419362
"1118",2021-04-09,554.7,578.86,548.46,576,28457188
"1119",2021-04-16,571.59,648.566,565.57,636.5,71618101
"1120",2021-04-23,621.4616,632.3,591.34,610.61,36522166
"1121",2021-04-30,607.4018,626.82,599.88,600.38,23672321
"1122",2021-05-07,605,609.87,560.4101,592.49,33099198
"1123",2021-05-14,591.49,592.24,538.36,569.72,35056024
"1124",2021-05-21,566.28,608.88,541.73,599.67,43545459
"1125",2021-05-28,608.5,651.099,607.04,649.78,64666813
"1126",2021-06-04,650.8,706.44,636.13,703.13,56602441
"1127",2021-06-11,702.8456,717.569,687.0401,713.01,49633431
"1128",2021-06-18,716.24,775,703.377,745.55,66167558
"1129",2021-06-25,737.41,776.8,712.906,761.24,54604327
"1130",2021-07-02,774.45,820.21,772.76,819.48,50329205
"1131",2021-07-09,829.5,835,788.03,802.01,41626428
"1132",2021-07-16,809.6,821.31,722.92,726.44,55789436
"1133",2021-07-23,716.61,761.68,181.64,195.58,151144186
"1134",2021-07-30,193.11,198.53,187.41,194.99,102222834
"1135",2021-08-06,197,207.33,192.2,203.66,114049609
"1136",2021-08-13,204.46,205.0799,194.3,201.88,84406625
"1137",2021-08-20,201.35,208.6506,187.62,208.16,214394721
"1138",2021-08-27,209.71,227.22,209.5,226.36,176346915
"1139",2021-09-03,228.2997,230.43,221.2,228.43,119313808
"1140",2021-09-10,228.33,228.99,219.77,224.78,89777312
"1141",2021-09-17,226.84,229.64,218.3,219,111432879
"1142",2021-09-24,211.46,225.345,206.62,220.81,128906447
"1143",2021-10-01,217.1035,217.99,202.03,207.42,126866480
"1144",2021-10-08,205.04,213.22,195.55,208.31,133029521
"1145",2021-10-15,205.75,219.31,205.11,218.62,97675578
"1146",2021-10-22,217.49,231.3,216.44,227.26,93421690
"1147",2021-10-29,229.73,257.09,227.7,255.67,148883017
"1148",2021-11-05,256.49,314,252.27,297.52,279299144
"1149",2021-11-12,301.49,323.1,287.78,303.9,252390858
"1150",2021-11-19,305.52,330.88,288,329.85,239347806
"1151",2021-11-26,335.17,346.47,308.8,315.03,200472906
"1152",2021-12-03,323.66,334.12,301.3,306.93,258004787
"1153",2021-12-10,298.8,324.49,280.38,301.98,270487563
"1154",2021-12-17,302.49,311.6,272.5,278.01,338766425
"1155",2021-12-23,273.05,300.59,271.45,296.4,172443782
"1156",2021-12-31,296.6,313.3,293.3057,294.11,173975850
"1157",2022-01-07,298.15,307.11,270.57,272.47,228174610
"1158",2022-01-14,265.81,285.95,256.4384,269.42,231555995
"1159",2022-01-21,262.6,266.38,232.63,233.74,206041803
"1160",2022-01-28,223.3,240.57,208.88,228.4,345351269
"1161",2022-02-04,231.82,258.17,230.52,243.19,239203054
"1162",2022-02-11,243.72,269.2499,237.73,239.49,243017950
"1163",2022-02-18,239.34,265.82,231,236.42,344670355
"1164",2022-02-25,230.35,242.17,208.9,241.57,246037257
"1165",2022-03-04,239.92,246.65,224.82,229.36,207612218
"1166",2022-03-11,228.17,232.2,206.5,221,229630425
"1167",2022-03-18,218.69,265.6899,211.5901,264.53,274860034
"1168",2022-03-25,265.07,283.58,255.7501,276.92,308800038
"1169",2022-04-01,277.555,289.46,262.67,267.12,241864078
"1170",2022-04-08,267.28,275.58,230.6201,231.19,261524425
"1171",2022-04-14,222.14,227.77,211.63,212.58,232350520
"1172",2022-04-22,212,226.7037,195,195.15,278637532
"1173",2022-04-29,192.02,201.2848,182.9,185.47,285674757
"1174",2022-05-06,185.405,204,179.9,186.75,295373268
"1175",2022-05-13,180.34,182.55,155.67,177.06,345526071
"1176",2022-05-20,175.09,183.71,157.55,166.94,301285160
"1177",2022-05-27,162.74,188.81,157.8,188.11,374452448
"1178",2022-06-03,189.8,196.19,181.22,187.2,245604791
"1179",2022-06-10,191.39,193.37,168.69,169.74,203579617
"1180",2022-06-17,160,168.68,153.28,158.8,281385119
"1181",2022-06-24,164.745,171.4,158.53,171.26,185691874
"1182",2022-07-01,173.12,173.3,143.92,145.23,263585963
"1183",2022-07-08,141.75,160.3699,140.55,158.38,214214799
"1184",2022-07-15,155.26,157.82,144.65,157.62,226096048
"1185",2022-07-22,163.02,181.44,160.02,173.19,322714148
"1186",2022-07-29,170.19,182.44,164.78,181.63,235849535
"1187",2022-08-05,181.82,192.74,179.9,189.89,217986209
"1188",2022-08-12,175.02,187.18,167.24,187.09,323688899
"1189",2022-08-19,187.01,191.64,177.7,178.49,221273920
"1190",2022-08-26,174.9,179.47,162.37,162.6,284205795
"1191",2022-09-02,160.2,163.38,132.7021,136.47,351962610
"1192",2022-09-09,137.31,144.74,133.46,143.87,215792858
"1193",2022-09-16,143.69,145.47,126.17,131.98,298199797
"1194",2022-09-23,130.12,140.31,122.57,125.16,332220263
"1195",2022-09-30,124.91,128.23,119.4601,121.39,274201217
"1196",2022-10-07,123.47,136.56,120.22,120.76,295542592
"1197",2022-10-14,120.37,121.2432,108.13,112.27,342230607
"1198",2022-10-21,115.18,127.69,115.17,124.66,302515886
"1199",2022-10-28,125.08,138.5,120.64,138.34,266262603
"1200",2022-11-04,137.78,142.29,129.56,141.56,270442650
"1201",2022-11-11,142.28,163.89,137.5901,163.27,281607332
"1202",2022-11-18,162.18,169.98,151.2001,154.09,292624000
"1203",2022-11-25,151.47,165.27,150.8,162.7,147278061
"1204",2022-12-02,160.26,172.65,155.2,168.76,201019987
"1205",2022-12-09,166.79,175.83,156.67,170.01,205813075
"1206",2022-12-16,170.37,187.9,164.1,165.71,256757869
"1207",2022-12-23,165.72,166.27,148.82,152.06,199669484
"1208",2022-12-30,150.74,151,138.84,146.14,148138178
"1209",2023-01-06,148.51,150.1,140.34,148.59,162681191
"1210",2023-01-13,152.84,169.22,151.41,168.99,224031287
"1211",2023-01-20,168.99,178.73,167.31,178.39,196862443
"1212",2023-01-27,180.64,206.28,178.175,203.65,263258120
"1213",2023-02-03,199.5,219.49,189.5,211,264074652
"1214",2023-02-10,208.06,230.2,207.86,212.65,275061045
"1215",2023-02-17,215.38,230.488,209.62,213.88,244949430
"1216",2023-02-24,210,238.88,204.21,232.86,263091019
"1217",2023-03-03,236.7,239,224.32,238.9,217145004
"1218",2023-03-10,238.91,244.54,227.26,229.65,244227914
"1219",2023-03-17,227.52,263.99,222.97,257.25,285477901
"1220",2023-03-24,256.15,275.89,251.2983,267.79,279775289
"1221",2023-03-31,268.37,278.3431,258.5,277.77,190927190
"1222",2023-04-06,275.09,280,263.95,270.37,167997621
"1223",2023-04-14,268.23,277.9,262.2,267.58,190519108
"1224",2023-04-21,265.655,281.1,264.3318,271.19,204977780
"1225",2023-04-28,270.13,277.58,262.25,277.49,179168026
"1226",2023-05-05,278.4,290.5844,272.4,286.8,203978999
"1227",2023-05-12,285.22,292.2,280.46,283.4,162556962
"1228",2023-05-19,285.085,318.28,281.52,312.64,239849888
"1229",2023-05-26,309.01,394.8,298.06,389.46,370797887
"1230",2023-06-02,405.95,419.38,378.22,393.27,304083207
"1231",2023-06-09,389.09,397.11,373.56,387.7,214231071
"1232",2023-06-16,392,437.21,386.18,426.92,296767798
"1233",2023-06-23,429.98,439.9,420.15,422.09,177863329
"1234",2023-06-30,424.61,427.64,401,423.02,252079794
"1235",2023-07-07,425.17,432.14,413.46,425.03,118184701
"1236",2023-07-14,426.57,480.88,416.49,454.69,238370821
"1237",2023-07-21,462.89,478.9599,441,443.09,300981357
"1238",2023-07-28,447.31,473.95,440.4,467.5,188258767
"1239",2023-08-04,467.54,471.3,433.87,446.8,170821560
"1240",2023-08-11,451.11,455.4,406.39,408.55,228823660
"1241",2023-08-18,404.86,452.68,403.11,432.99,293041071
"1242",2023-08-25,444.94,502.66,442.22,460.18,431021097
"1243",2023-09-01,464.82,499.27,448.88,485.09,311419527
"1244",2023-09-08,482.23,488.5081,451.52,455.72,175855198
"1245",2023-09-15,461.48,461.63,438.08,439,209850495
"1246",2023-09-22,427.48,442.42,409.8,416.1,217041499
"1247",2023-09-29,415.91,441.44,411.77,434.99,208880097
"1248",2023-10-06,440.3,457.89,432.46,457.62,209388772
"1249",2023-10-13,448.42,476.09,443.68,454.61,211314468
"1250",2023-10-20,450.63,462.25,410.78,413.87,279322538
"1251",2023-10-27,412.29,436.97,398.8019,405,223615881
"1252",2023-11-03,410.87,453.0899,392.3001,450.05,217737120
"1253",2023-11-10,452.845,484.72,448.99,483.35,205355529
"1254",2023-11-17,483.2,499.6,480.9901,492.98,194224007
"1255",2023-11-24,493.12,505.48,476.9,477.76,217717644
"1256",2023-12-01,478,487.62,461.87,467.65,207472104
"1257",2023-12-08,460.77,477.4085,450.1,475.06,188709330
"1258",2023-12-15,474.91,494.04,458.3,488.9,220108613
"1259",2023-12-22,494,504.3299,480.98,488.3,182654615
"1260",2023-12-29,489.68,499.97,487.51,495.22,111223461
"1261",2024-01-05,492.44,495.47,473.2,490.97,144948983
"1262",2024-01-12,495.12,553.46,494.79,547.1,289915809
"1263",2024-01-19,550.18,595,547.4,594.91,195912601
"1264",2024-01-26,600.49,628.49,585.85,610.31,217776321
"1265",2024-02-02,612.32,666,607,661.6,205898659
"1266",2024-02-09,682.25,721.85,663,721.33,270982292
"1267",2024-02-16,726,746.11,696.2,726.13,263665618
"1268",2024-02-23,719.47,823.94,662.48,788.17,308961934
"1269",2024-03-01,797,823,771.25,822.79,227521245
"1270",2024-03-08,841.3,974,834.1701,875.28,346916427
"1271",2024-03-15,864.29,919.6,841.66,878.365,318695313
"1272",2024-03-22,903.88,947.7799,850.1,942.89,288730166
"1273",2024-03-28,939.41,967.6599,891.23,903.56,208706316
